URI-suffix,Term
cd0aec40-e199-43d7-927b-ee12f1fe7a31,"ADC-rapport"
dfd7f0b8-3423-410e-ad10-5f740906c1da,"ADT-rapport"
351707da-ab1d-438e-9d42-915d785594b3,"Aeres-Milieu Rapport"
8e84ebc8-f379-4056-b171-8fbf54a76f15,"Aestimatica-rapport"
6826d9aa-2b50-4f90-bc8c-902c56d75d22,"Alkmaar, Monumentenzorg en Archeologie Gemeente"
05c754af-7944-4971-8280-9e1b4e474a8d,"Rapporten over Alkmaarse Monumenten en Archeologie"
80fa696c-0f63-4e3a-b232-29aae9fd29bf,"Almere, Archeologische Rapporten"
b3251316-779a-45d2-a2ab-f451177cc7d4,"Amersfoort onder ons"
43c31797-9f01-43c0-bf4a-975dc2581d31,"Amersfoort, Rapport Sectie Archeologie Gemeente"
2859427b-7533-492c-bba8-421a78d82c9d,"Amsterdam, Rapport Universiteit van"
45ae47be-8bfa-4a58-b33c-5c531be90cbb,"Amsterdam, Rapport Vrije Universiteit van"
7e7cd268-4b95-4ba6-8a78-9b0034ceed57,"Amsterdamse Archeologisch Rapporten"
7256dda8-cf2f-4dd3-8ec4-39f7c3d980ae,"Antea Group Archeologie-rapport"
d18d4a02-537f-4222-afdc-2e379d45e10d,"Apeldoorn, Rapport Gemeente"
552eb95d-19c7-4c98-9783-b1039dd303bd,"ARC-briefrapport"
1f2b4459-1689-432c-a689-f6a26877fc1b,"ARC-Publicaties"
bc93e5a1-cc0c-47fc-9358-b94ad440a7c1,"ARC-rapport"
951c69db-df65-4bf4-a2c1-8222e206e278,"Arcadis-rapport"
96637b15-f176-4ee0-9601-a6a9238459bb,"ArchAeO-rapport"
26f34a7b-91d5-4103-ad25-fb24aeb82657,"Archeocoach-rapport"
565dc087-23e1-451c-9de8-54de333896db,"Archeodienst-rapport"
6ee7ae29-c10d-437d-a403-ea4285528e15,"Archeologie West Friesland rapporten"
1bb72ccc-b51a-44db-8ebb-3c98db0a82ea,"Archeologische Kroniek Haarlem"
62b650bb-3a11-44f3-b043-3a18ca4f8220,"Archeologische Rapporten Gemeente Zwartewaterland"
2bbead74-389b-4d60-b04b-60b83f473194,"Archeologische Rapporten Geonius"
120db8d9-ec7e-4782-9524-a6772bee99af,"Archeologische Rapporten Hattem"
17f0b7aa-47da-4e1f-9050-c2adb7cac574,"Archeologische Rapporten Kampen"
7a2e5162-a79d-47b9-bda0-2a7f8702d9d8,"Archeologische Rapporten Zwolle"
960b7154-1c40-4dfe-8ecd-4743e6a07c55,"Archeologische Verslagen Zwolle"
f4c4a98e-3887-4a76-9ea8-c896182363e7,"ArcheoPro-rapport"
6f4566b9-6895-46f3-85db-05d5636ea7ef,"Archeosupport-rapport"
e69128ab-ed32-4759-9bf1-f4e7280273f7,"ArcheoSynthese-rapport"
88126702-ddb5-4bda-b02a-548dcb9ffa0b,"Archeowest-rapport"
572a2286-d075-4638-8187-70a63c365132,"Archol-rapport"
cce09325-0f34-473e-bf0e-65bc813a2982,"ArGeoBoor rapport"
4e73a072-78da-4ab6-94d8-39af689de499,"Argo-rapport"
253c1e90-25fc-477b-bfce-51cb8d44fe67,"Arnhemse Archeologische Rapporten"
f0f39e48-c687-4206-84a4-0135b637d03d,"Arnicon/Archeomedia-rapport"
e1c3ae95-ff64-4b38-9e50-7bc97a28e606,"Artefact-rapport"
34cd3666-49bd-4289-86dc-822b29d242c1,"BAAC-briefrapport"
d6b2e162-3f49-4027-8f03-28194db2905e,"BAAC-rapport"
63bb4b7a-5c41-4767-b939-e0a4e2efa8e1,"Becker en Van de Graaf-rapport"
5e53a227-3e3d-4cee-a735-91928dce9ac2,"Bergen op Zoom, Rapport"
e8adb6b1-ad50-4d46-86ad-b87ff19b4c8b,"BILAN-rapport"
3567a5ef-df91-4017-9bd9-061a4e460528,"Bodac Archeologie Rapport"
117d4163-0925-434b-87b2-130c109b6a6e,"BOOR-balans (Bureau Oudheidkundig Onderzoek Rotterdam)"
f3902074-ffb5-41ec-b411-9f23a3c54dee,"BOOR-rapport (Bureau Oudheidkundig Onderzoek Rotterdam)"
3541998c-b722-4afa-8909-0d8295575869,"Breda, Rapport Gemeente"
de90677a-7daa-4267-9b1a-a7b3a7a9728e,"Bureau voor Archeologie rapport"
8ca6df34-ea99-4ff2-8339-a13a720f344b,"Buro de Brug rapporten"
91994664-bc5f-4136-b1c5-3b8ff07bf1ed,"CAR Rapport"
09a728bd-70b6-4a54-b85e-efafe9e75961,"Cultuurhistorie Noord-Holland"
688dcf8b-4fa1-435f-87c7-c4da7b3c806e,"D7 archeologie rapport"
9a23c88d-7233-4fd9-95da-f77924f2d769,"De Steekproef-briefrapport"
7d428eb3-bf02-42c3-8a06-342c7c86d2b8,"De Steekproef-rapport"
9a2e862d-0186-46c3-9234-433255db3c2a,"Delftse Archeologische Notities"
e4ee0bba-5f2a-4305-b408-6a0ff180946c,"Delftse Archeologische Rapporten"
3fca3cc1-0ff4-4367-9806-58c3c7218a39,"Den Haag, Rapport Afdeling Archeologie Dienst Stadsbeheer"
b11355ae-b20d-44bb-adb9-fe814e09ba2e,"Deventer, Rapportage Archeologie"
ae4888e5-e365-4e6e-8474-c91920bb73fe,"Diachron notitie"
54d7fdb2-095b-40db-a449-a27c332078c8,"Diachron publicatie"
8e90f194-7b0f-43d4-992e-d0feb8f29c23,"Doesburgse Archeologische Publicaties"
297fc0b9-8438-46b0-83e0-3dd82ee08c74,"Dordrecht, Rapport Bureau Monumentenzorg en Archeologie"
60c6b309-61e8-41fc-b570-442b4404ea98,"EARTH Integrated Archaeology-rapport"
18e90730-4ab6-495b-aee7-02dac4118aac,"Econsultancy-rapport"
5ea3e45e-834c-448a-aedd-87cd04d22cf3,"Eindhoven, Archeologisch Centrum Rapport"
1d653e74-51d0-449a-bf75-c10c2f01bce2,"Ex-situ rapport"
52798c8a-e5cd-48f0-a1d4-6c881e1164e5,"Gent, Rapport Universiteit"
9de2dcf5-669e-402a-bb10-2c57ca98706b,"Geo-Logical-reeks"
260d84c4-34e2-4c79-86fb-ee5b598b5fc2,"Greenhouse Advies"
594d74d3-1cff-4a2f-adb5-e1830c24be40,"Grondsporen"
0f6cab08-d72a-4cdc-adcb-b12456a2e793,"Groningen, Rapport Universiteit Groningen"
b7f8cf1f-dc4f-45aa-8703-0a3961cd6caa,"Grontmij Archeologische Rapporten"
9a162157-c2e6-4f96-8e44-ebb9b0c9a3c9,"Grontmij-rapport"
5bd6a150-3bb9-4dcf-bacb-fa0c96de82c7,"Haarlems Bodemonderzoek"
d6fbca58-4903-4ae6-82b6-403d73d597c8,"Haarlems Jaarboek"
6c3d643d-ebef-4a22-b09f-aa1a0a1bc3b7,"Hamaland rapport"
05bd6794-9d8a-4715-8c4a-2ba92cd7b013,"Hazenberg Archeologie rapport"
a036a325-ef08-4668-8703-01cda1ff5aae,"Hertogenbosch, Kroniek Bouwhistorisch en Archeologisch Onderzoek"
10d90ff2-8384-4fd9-90e1-f3720bb21d1d,"Heunks documentenreeks"
ea9b5e93-a8bd-4503-a701-7dde18a54244,"Hollandia-reeks"
2444955a-4480-434b-bba3-7a58793ebf01,"Hoorn, Verslagen van de Archeologische Dienst"
15b5af60-4d2c-4822-a02a-f0e0ded07e09,"IDDS Archeologie-rapport"
bd555456-9a41-4502-b989-6961f85ec711,"IVO B rapport"
83f4bd08-c361-43f9-bf18-08ee5a617cde,"Jacobs en Burnier rapport"
264961e6-2e49-4913-bb48-30af7d4a320b,"KSP-rapport"
46b50e17-0b69-4f6b-b7e5-ed46be465476,"Laagland Archeologie Rapport"
3f18491d-1001-4f85-a186-54052010b77c,"Leiden, Bodemonderzoek in"
dcaee4fa-b2d2-4a89-803b-8ee404d70d33,"Leiden, Rapport Universiteit"
587596cd-d6ac-4101-b214-ba62deee4854,"Libau-rapport"
ba46ef62-4e01-4725-ad01-d58ff7432d61,"Maastricht, Rapport Gemeente"
9ff12401-4088-46d9-85de-37bf06b20b99,"MUG rapport"
d57db0da-8608-479c-92eb-e12a57d577ac,"Nederlandse Archeologische Rapporten"
dd32b0c8-b996-4826-a0ca-1805daeb94bb,"Nijmegen-briefrapport, Archeologische Berichten"
772c8d00-f269-4311-957f-71da5c09bd24,"Nijmegen-rapport, Archeologische Berichten"
ea52f3d1-e2b9-44e8-8dc2-79745bfa655c,"Oranjewoud-rapport"
ce8f61c5-20ff-4c67-a3e7-ccec546611b1,"Periplus / Archeomare Rapport"
ed6131a2-256e-4a00-88c7-280a424199f4,"Prorail rapport"
b3c30fbe-2795-4de0-806a-87706c866926,"RAAP-Adviesdocument"
66f71a7e-072a-46a5-8a37-11d9735fd6bc,"RAAP-briefrapport"
a3c84e75-ce18-4762-b063-4c98990438e3,"RAAP-notitie"
fb15bb66-be11-4414-afa1-1a0e5bfeceb5,"RAAP-rapport"
178cc6f8-bd39-41a4-8aeb-cb6359486281,"RAAP-regiobrief"
fcff6035-9e90-450f-8b39-cf33447e6e9f,"Rapport"
0ad79e13-abf7-4e1c-85a2-f6000fa5f388,"Rapport Stichting Archeologische Monumentenwacht Nederland"
1dca0597-4f72-4619-8de5-cb116d6609ad,"RCE Beknopte Rapportage Archeologische Monumentenzorg"
a881708a-4545-4ca3-ac5e-bc096e98e9f7,"RCE Rapportage Archeologische Monumentenzorg"
4fead13b-62c1-4b2a-ad58-b2f6e8582da1,"Rijswijkse Archeologische Rapporten"
6dc71ece-9aca-4fd0-a5cf-04ce384bfa18,"Rubicon Erfgoed Rapport"
7e6723b9-0bf2-4d84-8e98-c612b00c7b14,"SAA rapport"
d7cfe250-c580-4bc7-a486-462cc9457fbe,"Salisbury Archeologische Rapporten"
446ec98e-4679-45f8-b33e-7d46e3bb84e9,"SCEZ-rapport"
cfb0eb61-da07-4d8d-abdd-a6b6e6a82620,"SOB Research-rapport"
e18ef6ac-a8b8-4ec5-a0ed-4c6c60ca5b13,"Stadse Fratsen"
a0566e8f-2cb4-4b52-aec1-fd0a27cf5942,"Sweco archeologische rapporten"
610a827e-25cd-49df-b220-8499f84ac4e8,"Synthegra rapport"
47ab24dd-4e22-4c6a-a0ad-2b78a9cb0d36,"The Missing Link Notitie"
e74bb48a-7b15-4642-bf95-4b6fd0b2da46,"The Missing Link Rapport"
2250c081-758f-4709-914e-2806b16a3347,"Themata rapport"
90f3092a-818e-4db2-8467-35b64262c5b3,"Transect Rapport"
da073b7f-7b2c-4c2a-bf03-3ac97c0d3d8b,"Ubbergen-briefrapport, Archeologische Berichten"
649fe860-540c-4cc5-b1ec-e29f85c3aab1,"Ubbergen-rapport, Archeologische Berichten"
b2e7669a-b38b-4705-955c-1f1486f879b7,"Utrecht, Archeologische en Bouwhistorische Kroniek van de Gemeente"
0c5c9302-4a21-4efe-b980-db817cc6a62f,"Vergeten Landschap rapport"
df5d4250-bf21-470d-9068-e98a7f9059d0,"Vestigia-rapport"
c030faa5-7e49-424d-994d-fe3017bd5263,"Walcherse Archeologische Briefrapporten"
98b17848-1d12-41ca-8d19-9c17490fc9ee,"Walcherse Archeologische Dienst, Rapport"
2cb5f3be-a5dc-4507-aa54-7a8917be3479,"West-Friese Archeologische Notities"
b2673773-66f3-4ca7-84ea-b3a64391cfc9,"Wijchen-briefrapport, Archeologische Berichten"
ec4db537-d5c7-4ddb-8e8c-1893046fae3b,"Wijchen-rapport, Archeologische Berichten"
46d636b2-5b4e-4635-b599-a903b229b431,"Zuidnederlandse Archeologische Notities"
908ef857-2b62-4807-a17d-cd81d4d0aa69,"Zuidnederlandse Archeologische Rapporten"
bf4fe76c-eb52-4f81-a247-e5c8295f7c43,"Zutphense Archeologische Publicaties"
986d1234-e10a-415d-9d3d-3b953802ed47,"Zwolle, Informatiebladen Monumentenzorg en Archeologie in"
